Harvest,Species,Treatment,Tag,Pot,Week,Height,New-orignal,Absolute_change_2,Absolute_change,log_Height,log_Absolute_change_2,log_Absolute_change,XXX
3,VE,4%,H3VE4,95,1,32,0,0,0,1.505149978,#NUM!,0,
3,VE,4%,H3VE4,98,1,0,0,#DIV/0!,0,0,#NUM!,0,
3,VE,4%,H3VE4,104,1,46,0,0,0,1.662757832,#NUM!,0,
3,VE,4%,H3VE4,109,1,0,0,#DIV/0!,0,0,#NUM!,0,
3,VE,4%,H3VE4,115,1,22,0,0,0,1.342422681,#NUM!,0,
3,VE,4%,H3VE4,119,1,9,0,0,0,0.954242509,#NUM!,0,
3,VE,4%,H3VE4,171,1,0,0,#DIV/0!,0,0,#NUM!,0,
3,VE,4%,H3VE4,189,1,0,0,#DIV/0!,0,0,#NUM!,0,
3,VE,8%,H3VE8,92,1,29,0,0,0,1.462397998,#NUM!,0,
3,VE,8%,H3VE8,99,1,28,0,0,0,1.447158031,#NUM!,0,
3,VE,8%,H3VE8,131,1,18,0,0,0,1.255272505,#NUM!,0,
3,VE,8%,H3VE8,135,1,0,0,#DIV/0!,0,0,#NUM!,0,
3,VE,8%,H3VE8,161,1,0,0,#DIV/0!,0,0,#NUM!,0,
3,VE,8%,H3VE8,177,1,0,0,#DIV/0!,0,0,#NUM!,0,
3,VE,8%,H3VE8,206,1,0,0,#DIV/0!,0,0,#NUM!,0,
3,VE,8%,H3VE8,289,1,0,0,#DIV/0!,0,0,#NUM!,0,
3,VE,16%,H3VE16,101,1,29,0,0,0,1.462397998,#NUM!,0,
3,VE,16%,H3VE16,116,1,27,0,0,0,1.431363764,#NUM!,0,
3,VE,16%,H3VE16,129,1,17,0,0,0,1.230448921,#NUM!,0,
3,VE,16%,H3VE16,163,1,0,0,#DIV/0!,0,0,#NUM!,0,
3,VE,16%,H3VE16,166,1,0,0,#DIV/0!,0,0,#NUM!,0,
3,VE,16%,H3VE16,173,1,0,0,#DIV/0!,0,0,#NUM!,0,
3,VE,16%,H3VE16,175,1,0,0,#DIV/0!,0,0,#NUM!,0,
3,VE,16%,H3VE16,191,1,0,0,#DIV/0!,0,0,#NUM!,0,
3,VE,16%,H3VE16,192,1,0,0,#DIV/0!,0,0,#NUM!,0,
3,VE,16%,H3VE16,193,1,0,0,#DIV/0!,0,0,#NUM!,0,
3,VE,4%,H3VE4,95,2,41,9,0.219512195,0.219512195,1.612783857,0.954242509,0.954242509,
3,VE,4%,H3VE4,104,2,55,9,0.163636364,0.163636364,1.740362689,0.954242509,0.954242509,
3,VE,4%,H3VE4,115,2,31,9,0.290322581,0.290322581,1.491361694,0.954242509,0.954242509,
3,VE,4%,H3VE4,171,2,9,9,1,1,0.954242509,0.954242509,0.954242509,
3,VE,4%,H3VE4,189,2,9,9,1,1,0.954242509,0.954242509,0.954242509,
3,VE,4%,H3VE4,98,2,11,11,1,1,1.041392685,1.041392685,1.041392685,
3,VE,4%,H3VE4,109,2,11,11,1,1,1.041392685,1.041392685,1.041392685,
3,VE,4%,H3VE4,119,2,30,21,0.7,0.7,1.477121255,1.322219295,1.322219295,
3,VE,8%,H3VE8,177,2,9,9,1,1,0.954242509,0.954242509,0.954242509,
3,VE,8%,H3VE8,206,2,9,9,1,1,0.954242509,0.954242509,0.954242509,
3,VE,8%,H3VE8,289,2,9,9,1,1,0.954242509,0.954242509,0.954242509,
3,VE,8%,H3VE8,92,2,40,11,0.275,0.275,1.602059991,1.041392685,1.041392685,
3,VE,8%,H3VE8,131,2,35,17,0.485714286,0.485714286,1.544068044,1.230448921,1.230448921,
3,VE,8%,H3VE8,161,2,22,22,1,1,1.342422681,1.342422681,1.342422681,
3,VE,8%,H3VE8,99,2,33,33,1,1,1.51851394,1.51851394,1.51851394,
3,VE,8%,H3VE8,135,2,33,33,1,1,1.51851394,1.51851394,1.51851394,
3,VE,16%,H3VE16,116,2,21,-6,-0.285714286,0,1.322219295,#NUM!,0,
3,VE,16%,H3VE16,101,2,35,6,0.171428571,0.171428571,1.544068044,0.77815125,0.77815125,
3,VE,16%,H3VE16,166,2,9,9,1,1,0.954242509,0.954242509,0.954242509,
3,VE,16%,H3VE16,173,2,9,9,1,1,0.954242509,0.954242509,0.954242509,
3,VE,16%,H3VE16,175,2,9,9,1,1,0.954242509,0.954242509,0.954242509,
3,VE,16%,H3VE16,191,2,9,9,1,1,0.954242509,0.954242509,0.954242509,
3,VE,16%,H3VE16,192,2,9,9,1,1,0.954242509,0.954242509,0.954242509,
3,VE,16%,H3VE16,193,2,9,9,1,1,0.954242509,0.954242509,0.954242509,
3,VE,16%,H3VE16,163,2,24,24,1,1,1.380211242,1.380211242,1.380211242,
3,VE,16%,H3VE16,129,2,36,36,1,1,1.556302501,1.556302501,1.556302501,
3,VE,4%,H3VE4,98,3,23,-1,-0.043478261,0,1.361727836,#NUM!,0,
3,VE,4%,H3VE4,104,3,56,1,0.017857143,0.017857143,1.748188027,0,0,
3,VE,4%,H3VE4,115,3,30,-1,-0.033333333,0,1.477121255,#NUM!,0,
3,VE,4%,H3VE4,119,3,33,3,0.090909091,0.090909091,1.51851394,0.477121255,0.477121255,
3,VE,4%,H3VE4,189,3,18,9,0.5,0.5,1.255272505,0.954242509,0.954242509,
3,VE,4%,H3VE4,171,3,23,14,0.608695652,0.608695652,1.361727836,1.146128036,1.146128036,
3,VE,4%,H3VE4,95,3,56,15,0.267857143,0.267857143,1.748188027,1.176091259,1.176091259,
3,VE,4%,H3VE4,109,3,33,22,0.666666667,0.666666667,1.51851394,1.342422681,1.342422681,
3,VE,8%,H3VE8,161,3,22,0,0,0,1.342422681,#NUM!,0,
3,VE,8%,H3VE8,289,3,12,3,0.25,0.25,1.079181246,0.477121255,0.477121255,
3,VE,8%,H3VE8,131,3,42,7,0.166666667,0.166666667,1.62324929,0.84509804,0.84509804,
3,VE,8%,H3VE8,92,3,50,10,0.2,0.2,1.698970004,1,1,
3,VE,8%,H3VE8,206,3,24,15,0.625,0.625,1.380211242,1.176091259,1.176091259,
3,VE,8%,H3VE8,177,3,25,16,0.64,0.64,1.397940009,1.204119983,1.204119983,
3,VE,8%,H3VE8,135,3,50,17,0.34,0.34,1.698970004,1.230448921,1.230448921,
3,VE,8%,H3VE8,99,3,56,26,0.464285714,0.464285714,1.748188027,1.414973348,1.414973348,
3,VE,16%,H3VE16,101,3,36,1,0.027777778,0.027777778,1.556302501,0,0,
3,VE,16%,H3VE16,163,3,25,1,0.04,0.04,1.397940009,0,0,
3,VE,16%,H3VE16,191,3,23,14,0.608695652,0.608695652,1.361727836,1.146128036,1.146128036,
3,VE,16%,H3VE16,192,3,23,14,0.608695652,0.608695652,1.361727836,1.146128036,1.146128036,
3,VE,16%,H3VE16,193,3,24,15,0.625,0.625,1.380211242,1.176091259,1.176091259,
3,VE,16%,H3VE16,173,3,25,16,0.64,0.64,1.397940009,1.204119983,1.204119983,
3,VE,16%,H3VE16,116,3,39,18,0.461538462,0.461538462,1.591064607,1.255272505,1.255272505,
3,VE,16%,H3VE16,166,3,28,19,0.678571429,0.678571429,1.447158031,1.278753601,1.278753601,
3,VE,16%,H3VE16,175,3,28,19,0.678571429,0.678571429,1.447158031,1.278753601,1.278753601,
3,VE,16%,H3VE16,129,3,36,27,0.75,0.75,1.556302501,1.431363764,1.431363764,
3,VE,4%,H3VE4,95,4,42,-14,-0.333333333,0,1.62324929,#NUM!,0,
3,VE,4%,H3VE4,104,4,51,-5,-0.098039216,0,1.707570176,#NUM!,0,
3,VE,4%,H3VE4,189,4,24,6,0.25,0.25,1.380211242,0.77815125,0.77815125,
3,VE,4%,H3VE4,109,4,42,9,0.214285714,0.214285714,1.62324929,0.954242509,0.954242509,
3,VE,4%,H3VE4,119,4,44,11,0.25,0.25,1.643452676,1.041392685,1.041392685,
3,VE,4%,H3VE4,171,4,40,17,0.425,0.425,1.602059991,1.230448921,1.230448921,
3,VE,4%,H3VE4,98,4,53,18,0.339622642,0.339622642,1.72427587,1.255272505,1.255272505,
3,VE,4%,H3VE4,115,4,49,19,0.387755102,0.387755102,1.69019608,1.278753601,1.278753601,
3,VE,8%,H3VE8,131,4,44,2,0.045454545,0.045454545,1.643452676,0.301029996,0.301029996,
3,VE,8%,H3VE8,135,4,60,10,0.166666667,0.166666667,1.77815125,1,1,
3,VE,8%,H3VE8,177,4,35,10,0.285714286,0.285714286,1.544068044,1,1,
3,VE,8%,H3VE8,92,4,61,11,0.180327869,0.180327869,1.785329835,1.041392685,1.041392685,
3,VE,8%,H3VE8,206,4,35,11,0.314285714,0.314285714,1.544068044,1.041392685,1.041392685,
3,VE,8%,H3VE8,289,4,23,11,0.47826087,0.47826087,1.361727836,1.041392685,1.041392685,
3,VE,8%,H3VE8,161,4,39,17,0.435897436,0.435897436,1.591064607,1.230448921,1.230448921,
3,VE,8%,H3VE8,99,4,52,18,0.346153846,0.346153846,1.716003344,1.255272505,1.255272505,
3,VE,16%,H3VE16,166,4,29,1,0.034482759,0.034482759,1.462397998,0,0,
3,VE,16%,H3VE16,175,4,31,3,0.096774194,0.096774194,1.491361694,0.477121255,0.477121255,
3,VE,16%,H3VE16,101,4,40,4,0.1,0.1,1.602059991,0.602059991,0.602059991,
3,VE,16%,H3VE16,116,4,43,4,0.093023256,0.093023256,1.633468456,0.602059991,0.602059991,
3,VE,16%,H3VE16,193,4,28,4,0.142857143,0.142857143,1.447158031,0.602059991,0.602059991,
3,VE,16%,H3VE16,173,4,31,6,0.193548387,0.193548387,1.491361694,0.77815125,0.77815125,
3,VE,16%,H3VE16,191,4,30,7,0.233333333,0.233333333,1.477121255,0.84509804,0.84509804,
3,VE,16%,H3VE16,192,4,40,17,0.425,0.425,1.602059991,1.230448921,1.230448921,
3,VE,16%,H3VE16,163,4,43,18,0.418604651,0.418604651,1.633468456,1.255272505,1.255272505,
3,VE,16%,H3VE16,129,4,50,41,0.82,0.82,1.698970004,1.612783857,1.212783857,*
3,VE,4%,H3VE4,119,5,50,6,0.12,0.12,1.698970004,0.77815125,0.77815125,
3,VE,4%,H3VE4,104,5,59,8,0.13559322,0.13559322,1.770852012,0.903089987,0.903089987,
3,VE,4%,H3VE4,109,5,52,10,0.192307692,0.192307692,1.716003344,1,1,
3,VE,4%,H3VE4,115,5,67,18,0.268656716,0.268656716,1.826074803,1.255272505,1.255272505,
3,VE,4%,H3VE4,189,5,42,18,0.428571429,0.428571429,1.62324929,1.255272505,1.255272505,
3,VE,4%,H3VE4,171,5,60,20,0.333333333,0.333333333,1.77815125,1.301029996,1.301029996,
3,VE,4%,H3VE4,98,5,69,28,0.405797101,0.405797101,1.838849091,1.447158031,1.447158031,
3,VE,4%,H3VE4,95,5,71,29,0.408450704,0.408450704,1.851258349,1.462397998,1.462397998,
3,VE,8%,H3VE8,135,5,60,0,0,0,1.77815125,#NUM!,0,
3,VE,8%,H3VE8,177,5,47,12,0.255319149,0.255319149,1.672097858,1.079181246,1.079181246,
3,VE,8%,H3VE8,131,5,58,14,0.24137931,0.24137931,1.763427994,1.146128036,1.146128036,
3,VE,8%,H3VE8,92,5,76,15,0.197368421,0.197368421,1.880813592,1.176091259,1.176091259,
3,VE,8%,H3VE8,161,5,56,17,0.303571429,0.303571429,1.748188027,1.230448921,1.230448921,
3,VE,8%,H3VE8,99,5,61,19,0.31147541,0.31147541,1.785329835,1.278753601,1.278753601,
3,VE,8%,H3VE8,206,5,55,20,0.363636364,0.363636364,1.740362689,1.301029996,1.301029996,
3,VE,8%,H3VE8,289,5,44,21,0.477272727,0.477272727,1.643452676,1.322219295,1.322219295,
3,VE,16%,H3VE16,116,5,49,6,0.12244898,0.12244898,1.69019608,0.77815125,0.77815125,
3,VE,16%,H3VE16,192,5,48,8,0.166666667,0.166666667,1.681241237,0.903089987,0.903089987,
3,VE,16%,H3VE16,101,5,50,10,0.2,0.2,1.698970004,1,1,
3,VE,16%,H3VE16,163,5,55,12,0.218181818,0.218181818,1.740362689,1.079181246,1.079181246,
3,VE,16%,H3VE16,175,5,46,15,0.326086957,0.326086957,1.662757832,1.176091259,1.176091259,
3,VE,16%,H3VE16,166,5,45,16,0.355555556,0.355555556,1.653212514,1.204119983,1.204119983,
3,VE,16%,H3VE16,173,5,49,18,0.367346939,0.367346939,1.69019608,1.255272505,1.255272505,
3,VE,16%,H3VE16,193,5,52,24,0.461538462,0.461538462,1.716003344,1.380211242,1.380211242,
3,VE,16%,H3VE16,191,5,58,28,0.482758621,0.482758621,1.763427994,1.447158031,1.447158031,
3,VE,16%,H3VE16,129,5,52,43,0.826923077,0.826923077,1.716003344,1.633468456,1.433468456,*
3,VE,4%,H3VE4,95,6,65,-6,-0.092307692,0,1.812913357,#NUM!,0,
3,VE,4%,H3VE4,104,6,55,-4,-0.072727273,0,1.740362689,#NUM!,0,
3,VE,4%,H3VE4,171,6,54,-6,-0.111111111,0,1.73239376,#NUM!,0,
3,VE,4%,H3VE4,189,6,43,1,0.023255814,0.023255814,1.633468456,0,0,
3,VE,4%,H3VE4,115,6,70,3,0.042857143,0.042857143,1.84509804,0.477121255,0.477121255,
3,VE,4%,H3VE4,109,6,60,8,0.133333333,0.133333333,1.77815125,0.903089987,0.903089987,
3,VE,4%,H3VE4,119,6,58,8,0.137931034,0.137931034,1.763427994,0.903089987,0.903089987,
3,VE,4%,H3VE4,98,6,60,10,0.166666667,0.166666667,1.77815125,1,1,
3,VE,8%,H3VE8,92,6,65,-11,-0.169230769,0,1.812913357,#NUM!,0,
3,VE,8%,H3VE8,131,6,46,-12,-0.260869565,0,1.662757832,#NUM!,0,
3,VE,8%,H3VE8,99,6,56,3,0.053571429,0.053571429,1.748188027,0.477121255,0.477121255,
3,VE,8%,H3VE8,161,6,60,4,0.066666667,0.066666667,1.77815125,0.602059991,0.602059991,
3,VE,8%,H3VE8,135,6,67,7,0.104477612,0.104477612,1.826074803,0.84509804,0.84509804,
3,VE,8%,H3VE8,177,6,54,7,0.12962963,0.12962963,1.73239376,0.84509804,0.84509804,
3,VE,8%,H3VE8,206,6,63,8,0.126984127,0.126984127,1.799340549,0.903089987,0.903089987,
3,VE,8%,H3VE8,289,6,56,12,0.214285714,0.214285714,1.748188027,1.079181246,1.079181246,
3,VE,16%,H3VE16,173,6,40,-9,-0.225,0,1.602059991,#NUM!,0,
3,VE,16%,H3VE16,175,6,42,-4,-0.095238095,0,1.62324929,#NUM!,0,
3,VE,16%,H3VE16,192,6,50,2,0.04,0.04,1.698970004,0.301029996,0.301029996,
3,VE,16%,H3VE16,191,6,62,4,0.064516129,0.064516129,1.792391689,0.602059991,0.602059991,
3,VE,16%,H3VE16,193,6,56,4,0.071428571,0.071428571,1.748188027,0.602059991,0.602059991,
3,VE,16%,H3VE16,116,6,54,5,0.092592593,0.092592593,1.73239376,0.698970004,0.698970004,
3,VE,16%,H3VE16,163,6,60,5,0.083333333,0.083333333,1.77815125,0.698970004,0.698970004,
3,VE,16%,H3VE16,166,6,50,5,0.1,0.1,1.698970004,0.698970004,0.698970004,
3,VE,16%,H3VE16,101,6,57,7,0.122807018,0.122807018,1.755874856,0.84509804,0.84509804,
3,VE,16%,H3VE16,129,6,60,51,0.85,0.85,1.77815125,1.707570176,1.07570176,
3,VE,4%,H3VE4,98,7,56,-1,-0.017857143,0,1.748188027,#NUM!,0,
3,VE,4%,H3VE4,109,7,61,1,0.016393443,0.016393443,1.785329835,0,0,
3,VE,4%,H3VE4,119,7,54,-4,-0.074074074,0,1.73239376,#NUM!,0,
3,VE,4%,H3VE4,95,7,68,3,0.044117647,0.044117647,1.832508913,0.477121255,0.477121255,
3,VE,4%,H3VE4,115,7,74,4,0.054054054,0.054054054,1.86923172,0.602059991,0.602059991,
3,VE,4%,H3VE4,189,7,50,7,0.14,0.14,1.698970004,0.84509804,0.84509804,
3,VE,4%,H3VE4,171,7,63,9,0.142857143,0.142857143,1.799340549,0.954242509,0.954242509,
3,VE,4%,H3VE4,104,7,65,10,0.153846154,0.153846154,1.812913357,1,1,
3,VE,8%,H3VE8,135,7,54,-13,-0.240740741,0,1.73239376,#NUM!,0,
3,VE,8%,H3VE8,161,7,57,-3,-0.052631579,0,1.755874856,#NUM!,0,
3,VE,8%,H3VE8,92,7,67,2,0.029850746,0.029850746,1.826074803,0.301029996,0.301029996,
3,VE,8%,H3VE8,99,7,54,5,0.092592593,0.092592593,1.73239376,0.698970004,0.698970004,
3,VE,8%,H3VE8,206,7,68,5,0.073529412,0.073529412,1.832508913,0.698970004,0.698970004,
3,VE,8%,H3VE8,177,7,61,7,0.114754098,0.114754098,1.785329835,0.84509804,0.84509804,
3,VE,8%,H3VE8,131,7,58,12,0.206896552,0.206896552,1.763427994,1.079181246,1.079181246,
3,VE,8%,H3VE8,289,7,73,17,0.232876712,0.232876712,1.86332286,1.230448921,1.230448921,
3,VE,16%,H3VE16,101,7,51,-6,-0.117647059,0,1.707570176,#NUM!,0,
3,VE,16%,H3VE16,129,7,46,-30,-0.652173913,0,1.662757832,#NUM!,0,
3,VE,16%,H3VE16,163,7,46,-14,-0.304347826,0,1.662757832,#NUM!,0,
3,VE,16%,H3VE16,175,7,40,-2,-0.05,0,1.602059991,#NUM!,0,
3,VE,16%,H3VE16,116,7,60,6,0.1,0.1,1.77815125,0.77815125,0.77815125,
3,VE,16%,H3VE16,191,7,69,7,0.101449275,0.101449275,1.838849091,0.84509804,0.84509804,
3,VE,16%,H3VE16,193,7,63,7,0.111111111,0.111111111,1.799340549,0.84509804,0.84509804,
3,VE,16%,H3VE16,166,7,58,8,0.137931034,0.137931034,1.763427994,0.903089987,0.903089987,
3,VE,16%,H3VE16,192,7,58,8,0.137931034,0.137931034,1.763427994,0.903089987,0.903089987,
3,VE,16%,H3VE16,173,7,50,10,0.2,0.2,1.698970004,1,1,
3,VE,4%,H3VE4,95,8,66,-2,-0.03030303,0,1.819543936,#NUM!,0,
3,VE,4%,H3VE4,98,8,59,-3,-0.050847458,0,1.770852012,#NUM!,0,
3,VE,4%,H3VE4,104,8,63,-2,-0.031746032,0,1.799340549,#NUM!,0,
3,VE,4%,H3VE4,119,8,53,-1,-0.018867925,0,1.72427587,#NUM!,0,
3,VE,4%,H3VE4,171,8,62,-1,-0.016129032,0,1.792391689,#NUM!,0,
3,VE,4%,H3VE4,109,8,65,4,0.061538462,0.061538462,1.812913357,0.602059991,0.602059991,
3,VE,4%,H3VE4,189,8,54,4,0.074074074,0.074074074,1.73239376,0.602059991,0.602059991,
3,VE,4%,H3VE4,115,8,82,8,0.097560976,0.097560976,1.913813852,0.903089987,0.903089987,
3,VE,8%,H3VE8,131,8,52,-6,-0.115384615,0,1.716003344,#NUM!,0,
3,VE,8%,H3VE8,289,8,72,-1,-0.013888889,0,1.857332496,#NUM!,0,
3,VE,8%,H3VE8,206,8,71,3,0.042253521,0.042253521,1.851258349,0.477121255,0.477121255,
3,VE,8%,H3VE8,135,8,58,4,0.068965517,0.068965517,1.763427994,0.602059991,0.602059991,
3,VE,8%,H3VE8,177,8,65,4,0.061538462,0.061538462,1.812913357,0.602059991,1.760205999,
3,VE,8%,H3VE8,99,8,58,5,0.086206897,0.086206897,1.763427994,0.698970004,0.698970004,
3,VE,8%,H3VE8,92,8,74,7,0.094594595,0.094594595,1.86923172,0.84509804,0.84509804,
3,VE,8%,H3VE8,161,8,64,7,0.109375,0.109375,1.806179974,0.84509804,0.84509804,
3,VE,16%,H3VE16,116,8,58,-2,-0.034482759,0,1.763427994,#NUM!,0,
3,VE,16%,H3VE16,166,8,59,1,0.016949153,0.016949153,1.770852012,0,0,
3,VE,16%,H3VE16,173,8,51,1,0.019607843,0.019607843,1.707570176,0,0,
3,VE,16%,H3VE16,192,8,52,-6,-0.115384615,0,1.716003344,#NUM!,0,
3,VE,16%,H3VE16,129,8,69,3,0.043478261,0.043478261,1.838849091,0.477121255,0.477121255,
3,VE,16%,H3VE16,101,8,57,6,0.105263158,0.105263158,1.755874856,0.77815125,0.77815125,
3,VE,16%,H3VE16,175,8,47,7,0.14893617,0.14893617,1.672097858,0.84509804,0.84509804,
3,VE,16%,H3VE16,191,8,76,7,0.092105263,0.092105263,1.880813592,0.84509804,0.84509804,
3,VE,16%,H3VE16,193,8,74,11,0.148648649,0.148648649,1.86923172,1.041392685,1.041392685,
3,VE,16%,H3VE16,163,8,65,19,0.292307692,0.292307692,1.812913357,1.278753601,1.278753601,
3,VE,4%,H3VE4,109,9,65,0,0,0,1.812913357,#NUM!,0,
3,VE,4%,H3VE4,171,9,63,1,0.015873016,0.015873016,1.799340549,0,0,
3,VE,4%,H3VE4,115,9,84,2,0.023809524,0.023809524,1.924279286,0.301029996,0.301029996,
3,VE,4%,H3VE4,95,9,73,7,0.095890411,0.095890411,1.86332286,0.84509804,0.84509804,
3,VE,4%,H3VE4,98,9,69,7,0.101449275,0.101449275,1.838849091,0.84509804,0.84509804,
3,VE,4%,H3VE4,104,9,73,10,0.136986301,0.136986301,1.86332286,1,1,
3,VE,4%,H3VE4,189,9,66,12,0.181818182,0.181818182,1.819543936,1.079181246,1.079181246,
3,VE,4%,H3VE4,119,9,70,17,0.242857143,0.242857143,1.84509804,1.230448921,1.230448921,
3,VE,8%,H3VE8,99,9,67,-4,-0.059701493,0,1.826074803,#NUM!,0,
3,VE,8%,H3VE8,289,9,69,-3,-0.043478261,0,1.838849091,#NUM!,0,
3,VE,8%,H3VE8,135,9,60,2,0.033333333,0.033333333,1.77815125,0.301029996,0.301029996,
3,VE,8%,H3VE8,131,9,55,3,0.054545455,0.054545455,1.740362689,0.477121255,0.477121255,
3,VE,8%,H3VE8,161,9,70,6,0.085714286,0.085714286,1.84509804,0.77815125,0.77815125,
3,VE,8%,H3VE8,177,9,72,7,0.097222222,0.097222222,1.857332496,0.84509804,1.74509804,
3,VE,8%,H3VE8,206,9,85,14,0.164705882,0.164705882,1.929418926,1.146128036,1.146128036,
3,VE,8%,H3VE8,92,9,99,25,0.252525253,0.252525253,1.995635195,1.397940009,1.397940009,
3,VE,16%,H3VE16,163,9,65,0,0,0,1.812913357,#NUM!,0,
3,VE,16%,H3VE16,193,9,70,-4,-0.057142857,0,1.84509804,#NUM!,0,
3,VE,16%,H3VE16,129,9,78,4,0.051282051,0.051282051,1.892094603,0.602059991,0.602059991,
3,VE,16%,H3VE16,101,9,64,7,0.109375,0.109375,1.806179974,0.84509804,0.84509804,
3,VE,16%,H3VE16,116,9,66,8,0.121212121,0.121212121,1.819543936,0.903089987,0.903089987,
3,VE,16%,H3VE16,166,9,67,8,0.119402985,0.119402985,1.826074803,0.903089987,0.903089987,
3,VE,16%,H3VE16,191,9,84,8,0.095238095,0.095238095,1.924279286,0.903089987,0.903089987,
3,VE,16%,H3VE16,192,9,60,8,0.133333333,0.133333333,1.77815125,0.903089987,0.903089987,
3,VE,16%,H3VE16,173,9,60,9,0.15,0.15,1.77815125,0.954242509,0.954242509,
3,VE,16%,H3VE16,175,9,156,109,0.698717949,0.698717949,1.93124598,2.037426498,0.937426498,*
3,VE,4%,H3VE4,109,10,73,8,0.109589041,0.109589041,1.86332286,0.903089987,0.903089987,
3,VE,4%,H3VE4,189,10,79,13,0.164556962,0.164556962,1.897627091,1.113943352,1.113943352,
3,VE,4%,H3VE4,98,10,71,16,0.225352113,0.225352113,1.851258349,1.204119983,1.204119983,
3,VE,4%,H3VE4,115,10,100,16,0.16,0.16,2,1.204119983,1.204119983,
3,VE,4%,H3VE4,95,10,93,20,0.215053763,0.215053763,1.968482949,1.301029996,1.301029996,
3,VE,4%,H3VE4,104,10,95,22,0.231578947,0.231578947,1.977723605,1.342422681,1.342422681,
3,VE,4%,H3VE4,119,10,93,23,0.247311828,0.247311828,1.968482949,1.361727836,1.361727836,
3,VE,4%,H3VE4,171,10,89,26,0.292134831,0.292134831,1.949390007,1.414973348,1.414973348,
3,VE,8%,H3VE8,161,10,62,-8,-0.129032258,0,1.792391689,#NUM!,0,
3,VE,8%,H3VE8,206,10,94,9,0.095744681,0.095744681,1.973127854,0.954242509,0.954242509,
3,VE,8%,H3VE8,99,10,97,11,0.113402062,0.113402062,1.986771734,1.041392685,1.041392685,
3,VE,8%,H3VE8,131,10,83,28,0.337349398,0.337349398,1.919078092,1.447158031,1.447158031,
3,VE,8%,H3VE8,135,10,89,29,0.325842697,0.325842697,1.949390007,1.462397998,1.462397998,
3,VE,8%,H3VE8,177,10,103,31,0.300970874,0.300970874,2.012837225,1.491361694,1.491361694,
3,VE,8%,H3VE8,92,10,132,33,0.25,0.25,2.120573931,1.51851394,1.51851394,
3,VE,8%,H3VE8,289,10,110,41,0.372727273,0.372727273,2.041392685,1.612783857,1.612783857,
3,VE,16%,H3VE16,116,10,64,-2,-0.03125,0,1.806179974,#NUM!,0,
3,VE,16%,H3VE16,129,10,87,-23,-0.264367816,0,1.939519253,#NUM!,0,
3,VE,16%,H3VE16,166,10,68,1,0.014705882,0.014705882,1.832508913,0,0,
3,VE,16%,H3VE16,173,10,45,-15,-0.333333333,0,1.653212514,#NUM!,0,
3,VE,16%,H3VE16,175,10,76,-80,-1.052631579,0,1.880813592,#NUM!,0,
3,VE,16%,H3VE16,192,10,73,13,0.178082192,0.178082192,1.86332286,1.113943352,1.113943352,
3,VE,16%,H3VE16,101,10,84,20,0.238095238,0.238095238,1.924279286,1.301029996,1.301029996,
3,VE,16%,H3VE16,163,10,91,26,0.285714286,0.285714286,1.959041392,1.414973348,1.414973348,
3,VE,16%,H3VE16,191,10,112,28,0.25,0.25,2.049218023,1.447158031,1.447158031,
3,VE,16%,H3VE16,193,10,109,39,0.357798165,0.357798165,2.037426498,1.591064607,1.591064607,
3,VE,4%,H3VE4,115,11,107,7,0.065420561,0.065420561,2.029383778,0.84509804,0.84509804,
3,VE,4%,H3VE4,95,11,105,12,0.114285714,0.114285714,2.021189299,1.079181246,1.079181246,
3,VE,4%,H3VE4,98,11,116,16,0.137931034,0.137931034,2.064457989,1.204119983,1.204119983,
3,VE,4%,H3VE4,189,11,96,17,0.177083333,0.177083333,1.982271233,1.230448921,1.230448921,
3,VE,4%,H3VE4,109,11,101,28,0.277227723,0.277227723,2.004321374,1.447158031,1.447158031,
3,VE,4%,H3VE4,119,11,121,28,0.231404959,0.231404959,2.08278537,1.447158031,1.447158031,
3,VE,4%,H3VE4,104,11,130,35,0.269230769,0.269230769,2.113943352,1.544068044,1.544068044,
3,VE,4%,H3VE4,171,11,131,42,0.320610687,0.320610687,2.117271296,1.62324929,1.62324929,
3,VE,8%,H3VE8,99,11,133,9,0.067669173,0.067669173,2.123851641,0.954242509,0.954242509,
3,VE,8%,H3VE8,161,11,71,9,0.126760563,0.126760563,1.851258349,0.954242509,0.954242509,
3,VE,8%,H3VE8,135,11,114,25,0.219298246,0.219298246,2.056904851,1.397940009,1.397940009,
3,VE,8%,H3VE8,92,11,163,31,0.190184049,0.190184049,2.212187604,1.491361694,1.491361694,
3,VE,8%,H3VE8,177,11,138,35,0.253623188,0.253623188,2.139879086,1.544068044,1.544068044,
3,VE,8%,H3VE8,131,11,125,42,0.336,0.336,2.096910013,1.62324929,1.62324929,
3,VE,8%,H3VE8,289,11,160,50,0.3125,0.3125,2.204119983,1.698970004,1.698970004,
3,VE,8%,H3VE8,206,11,152,58,0.381578947,0.381578947,2.181843588,1.763427994,1.763427994,
3,VE,16%,H3VE16,129,11,122,1,0.008196721,0.008196721,2.086359831,0,0,
3,VE,16%,H3VE16,173,11,50,5,0.1,0.1,1.698970004,0.698970004,0.698970004,
3,VE,16%,H3VE16,101,11,101,17,0.168316832,0.168316832,2.004321374,1.230448921,1.230448921,
3,VE,16%,H3VE16,166,11,105,37,0.352380952,0.352380952,2.021189299,1.568201724,1.568201724,
3,VE,16%,H3VE16,175,11,114,38,0.333333333,0.333333333,2.056904851,1.579783597,1.579783597,
3,VE,16%,H3VE16,193,11,149,40,0.268456376,0.268456376,2.173186268,1.602059991,1.602059991,
3,VE,16%,H3VE16,116,11,111,47,0.423423423,0.423423423,2.045322979,1.672097858,1.672097858,
3,VE,16%,H3VE16,192,11,120,47,0.391666667,0.391666667,2.079181246,1.672097858,1.672097858,
3,VE,16%,H3VE16,163,11,146,55,0.376712329,0.376712329,2.164352856,1.740362689,1.740362689,
3,VE,16%,H3VE16,191,11,177,65,0.367231638,0.367231638,2.247973266,1.812913357,1.712913357,
3,VE,4%,H3VE4,98,12,136,-31,-0.227941176,0,2.133538908,#NUM!,0,
3,VE,4%,H3VE4,109,12,98,-3,-0.030612245,0,1.991226076,#NUM!,0,
3,VE,4%,H3VE4,119,12,132,11,0.083333333,0.083333333,2.120573931,1.041392685,1.041392685,
3,VE,4%,H3VE4,104,12,142,12,0.084507042,0.084507042,2.152288344,1.079181246,1.079181246,
3,VE,4%,H3VE4,171,12,145,14,0.096551724,0.096551724,2.161368002,1.146128036,1.146128036,
3,VE,4%,H3VE4,189,12,112,16,0.142857143,0.142857143,2.049218023,1.204119983,1.204119983,
3,VE,4%,H3VE4,115,12,130,23,0.176923077,0.176923077,2.113943352,1.361727836,1.361727836,
3,VE,4%,H3VE4,95,12,137,32,0.233576642,0.233576642,2.136720567,1.505149978,1.505149978,
3,VE,8%,H3VE8,99,12,28.6,-106.4,-3.72027972,0,2.256366033,#NUM!,0,*
3,VE,8%,H3VE8,135,12,110,-4,-0.036363636,0,2.041392685,#NUM!,0,
3,VE,8%,H3VE8,131,12,133,8,0.060150376,0.060150376,2.123851641,0.903089987,0.903089987,
3,VE,8%,H3VE8,289,12,171,11,0.064327485,0.064327485,2.23299611,1.041392685,1.041392685,
3,VE,8%,H3VE8,92,12,180,17,0.094444444,0.094444444,2.255272505,1.230448921,1.230448921,
3,VE,8%,H3VE8,177,12,155,17,0.109677419,0.109677419,2.190331698,1.230448921,1.230448921,
3,VE,8%,H3VE8,161,12,100,29,0.29,0.29,2,1.462397998,1.462397998,
3,VE,8%,H3VE8,206,12,185,33,0.178378378,0.178378378,2.267171728,1.51851394,1.51851394,
3,VE,16%,H3VE16,129,12,134,-46,-0.343283582,0,2.127104798,#NUM!,0,
3,VE,16%,H3VE16,173,12,50,0,0,0,1.698970004,#NUM!,0,
3,VE,16%,H3VE16,166,12,108,3,0.027777778,0.027777778,2.033423755,0.477121255,0.477121255,
3,VE,16%,H3VE16,192,12,128,8,0.0625,0.0625,2.10720997,0.903089987,0.903089987,
3,VE,16%,H3VE16,116,12,120,9,0.075,0.075,2.079181246,0.954242509,0.954242509,
3,VE,16%,H3VE16,101,12,113,12,0.10619469,0.10619469,2.053078443,1.079181246,1.079181246,
3,VE,16%,H3VE16,163,12,162,16,0.098765432,0.098765432,2.209515015,1.204119983,1.204119983,
3,VE,16%,H3VE16,191,12,193,16,0.082901554,0.082901554,2.285557309,1.204119983,1.204119983,
3,VE,16%,H3VE16,175,12,134,20,0.149253731,0.149253731,2.127104798,1.301029996,1.301029996,
3,VE,16%,H3VE16,193,12,171,22,0.128654971,0.128654971,2.23299611,1.342422681,1.342422681,
3,VE,4%,H3VE4,98,13,147,-40,-0.272108844,0,2.167317335,#NUM!,0,
3,VE,4%,H3VE4,109,13,102,4,0.039215686,0.039215686,2.008600172,0.602059991,0.602059991,
3,VE,4%,H3VE4,171,13,149,4,0.026845638,0.026845638,2.173186268,0.602059991,0.602059991,
3,VE,4%,H3VE4,119,13,138,6,0.043478261,0.043478261,2.139879086,0.77815125,0.77815125,
3,VE,4%,H3VE4,95,13,145,8,0.055172414,0.055172414,2.161368002,0.903089987,0.903089987,
3,VE,4%,H3VE4,189,13,120,8,0.066666667,0.066666667,2.079181246,0.903089987,0.903089987,
3,VE,4%,H3VE4,104,13,162,20,0.12345679,0.12345679,2.209515015,1.301029996,1.301029996,
3,VE,4%,H3VE4,115,13,158,28,0.17721519,0.17721519,2.198657087,1.447158031,1.447158031,
3,VE,8%,H3VE8,161,13,100,0,0,0,2,#NUM!,0,
3,VE,8%,H3VE8,177,13,149,-6,-0.040268456,0,2.173186268,#NUM!,0,
3,VE,8%,H3VE8,92,13,185,5,0.027027027,0.027027027,2.267171728,0.698970004,0.698970004,
3,VE,8%,H3VE8,206,13,190,5,0.026315789,0.026315789,2.278753601,0.698970004,0.698970004,
3,VE,8%,H3VE8,131,13,141,8,0.056737589,0.056737589,2.149219113,0.903089987,0.903089987,
3,VE,8%,H3VE8,99,13,146,10,0.068493151,0.068493151,2.164352856,1,1,
3,VE,8%,H3VE8,135,13,120,10,0.083333333,0.083333333,2.079181246,1,1,
3,VE,8%,H3VE8,289,13,186,15,0.080645161,0.080645161,2.269512944,1.176091259,1.176091259,
3,VE,16%,H3VE16,101,13,105,-8,-0.076190476,0,2.021189299,#NUM!,0,
3,VE,16%,H3VE16,129,13,135,-58,-0.42962963,0,2.130333768,#NUM!,0,
3,VE,16%,H3VE16,116,13,125,5,0.04,0.04,2.096910013,0.698970004,0.698970004,
3,VE,16%,H3VE16,175,13,147,13,0.088435374,0.088435374,2.167317335,1.113943352,1.113943352,
3,VE,16%,H3VE16,192,13,142,14,0.098591549,0.098591549,2.152288344,1.146128036,1.146128036,
3,VE,16%,H3VE16,191,13,208,15,0.072115385,0.072115385,2.318063335,1.176091259,1.176091259,
3,VE,16%,H3VE16,163,13,179,17,0.094972067,0.094972067,2.252853031,1.230448921,1.230448921,
3,VE,16%,H3VE16,173,13,67,17,0.253731343,0.253731343,1.826074803,1.230448921,1.230448921,
3,VE,16%,H3VE16,166,13,126,18,0.142857143,0.142857143,2.100370545,1.255272505,1.255272505,
3,VE,16%,H3VE16,193,13,284,113,0.397887324,0.397887324,2.25331834,2.053078443,1.253078443,*
3,VE,4%,H3VE4,98,14,155,-39,-0.251612903,0,2.190331698,#NUM!,0,
3,VE,4%,H3VE4,104,14,168,6,0.035714286,0.035714286,2.225309282,0.77815125,0.77815125,
3,VE,4%,H3VE4,115,14,166,8,0.048192771,0.048192771,2.220108088,0.903089987,0.903089987,
3,VE,4%,H3VE4,119,14,147,9,0.06122449,0.06122449,2.167317335,0.954242509,0.954242509,
3,VE,4%,H3VE4,189,14,130,10,0.076923077,0.076923077,2.113943352,1,1,
3,VE,4%,H3VE4,95,14,160,15,0.09375,0.09375,2.204119983,1.176091259,1.176091259,
3,VE,4%,H3VE4,109,14,118,16,0.13559322,0.13559322,2.071882007,1.204119983,1.204119983,
3,VE,4%,H3VE4,171,14,179,30,0.167597765,0.167597765,2.252853031,1.477121255,1.477121255,
3,VE,8%,H3VE8,99,14,156,0,0,0,2.193124598,#NUM!,0,
3,VE,8%,H3VE8,131,14,137,-4,-0.02919708,0,2.136720567,#NUM!,0,
3,VE,8%,H3VE8,135,14,118,-2,-0.016949153,0,2.071882007,#NUM!,0,
3,VE,8%,H3VE8,177,14,150,1,0.006666667,0.006666667,2.176091259,0,0,
3,VE,8%,H3VE8,92,14,187,2,0.010695187,0.010695187,2.271841607,0.301029996,0.301029996,
3,VE,8%,H3VE8,206,14,193,3,0.015544041,0.015544041,2.285557309,0.477121255,0.477121255,
3,VE,8%,H3VE8,161,14,118,18,0.152542373,0.152542373,2.071882007,1.255272505,1.255272505,
3,VE,8%,H3VE8,289,14,214,28,0.130841121,0.130841121,2.330413773,1.447158031,1.447158031,
3,VE,16%,H3VE16,129,14,155,-49,-0.316129032,0,2.190331698,#NUM!,0,
3,VE,16%,H3VE16,193,14,224,-60,-0.267857143,0,2.350248018,#NUM!,0,
3,VE,16%,H3VE16,163,14,191,12,0.062827225,0.062827225,2.281033367,1.079181246,1.079181246,
3,VE,16%,H3VE16,175,14,160,13,0.08125,0.08125,2.204119983,1.113943352,1.113943352,
3,VE,16%,H3VE16,192,14,155,13,0.083870968,0.083870968,2.190331698,1.113943352,1.113943352,
3,VE,16%,H3VE16,166,14,140,14,0.1,0.1,2.146128036,1.146128036,1.146128036,
3,VE,16%,H3VE16,101,14,125,20,0.16,0.16,2.096910013,1.301029996,1.301029996,
3,VE,16%,H3VE16,116,14,146,21,0.143835616,0.143835616,2.164352856,1.322219295,1.322219295,
3,VE,16%,H3VE16,173,14,89,22,0.247191011,0.247191011,1.949390007,1.342422681,1.342422681,
3,VE,16%,H3VE16,191,14,234,26,0.111111111,0.111111111,2.369215857,1.414973348,1.414973348,
3,VE,4%,H3VE4,95,15,149,-11,-0.073825503,0,2.173186268,#NUM!,0,
3,VE,4%,H3VE4,98,15,161,-50,-0.310559006,0,2.206825876,#NUM!,0,
3,VE,4%,H3VE4,109,15,120,2,0.016666667,0.016666667,2.079181246,0.301029996,0.301029996,
3,VE,4%,H3VE4,115,15,168,2,0.011904762,0.011904762,2.225309282,0.301029996,0.301029996,
3,VE,4%,H3VE4,171,15,181,2,0.011049724,0.011049724,2.257678575,0.301029996,0.301029996,
3,VE,4%,H3VE4,119,15,156,9,0.057692308,0.057692308,2.193124598,0.954242509,0.954242509,
3,VE,4%,H3VE4,189,15,144,14,0.097222222,0.097222222,2.158362492,1.146128036,1.146128036,
3,VE,4%,H3VE4,104,15,186,18,0.096774194,0.096774194,2.269512944,1.255272505,1.255272505,
3,VE,8%,H3VE8,99,15,157,-23,-0.146496815,0,2.195899652,#NUM!,0,
3,VE,8%,H3VE8,289,15,220,6,0.027272727,0.027272727,2.342422681,0.77815125,0.77815125,
3,VE,8%,H3VE8,131,15,145,8,0.055172414,0.055172414,2.161368002,0.903089987,0.903089987,
3,VE,8%,H3VE8,92,15,199,12,0.060301508,0.060301508,2.298853076,1.079181246,1.079181246,
3,VE,8%,H3VE8,135,15,130,12,0.092307692,0.092307692,2.113943352,1.079181246,1.079181246,
3,VE,8%,H3VE8,177,15,174,24,0.137931034,0.137931034,2.240549248,1.380211242,1.380211242,
3,VE,8%,H3VE8,161,15,144,26,0.180555556,0.180555556,2.158362492,1.414973348,1.414973348,
3,VE,8%,H3VE8,206,15,225,32,0.142222222,0.142222222,2.352182518,1.505149978,1.505149978,
3,VE,16%,H3VE16,129,15,188,-21,-0.111702128,0,2.274157849,#NUM!,0,
3,VE,16%,H3VE16,191,15,251,17,0.067729084,0.067729084,2.399673721,1.230448921,1.230448921,
3,VE,16%,H3VE16,101,15,146,21,0.143835616,0.143835616,2.164352856,1.322219295,1.322219295,
3,VE,16%,H3VE16,166,15,162,22,0.135802469,0.135802469,2.209515015,1.342422681,1.342422681,
3,VE,16%,H3VE16,192,15,178,23,0.129213483,0.129213483,2.250420002,1.361727836,1.361727836,
3,VE,16%,H3VE16,173,15,115,26,0.226086957,0.226086957,2.06069784,1.414973348,1.414973348,
3,VE,16%,H3VE16,116,15,174,28,0.16091954,0.16091954,2.240549248,1.447158031,1.447158031,
3,VE,16%,H3VE16,175,15,188,28,0.14893617,0.14893617,2.274157849,1.447158031,1.447158031,
3,VE,16%,H3VE16,193,15,257,33,0.128404669,0.128404669,2.409933123,1.51851394,1.51851394,
3,VE,16%,H3VE16,163,15,225,34,0.151111111,0.151111111,2.352182518,1.531478917,1.531478917,
3,VS,4%,H3VS4,5,1,0,0,0,0,0,#NUM!,0,
3,VS,4%,H3VS4,15,1,0,0,#DIV/0!,0,0,#NUM!,0,
3,VS,4%,H3VS4,18,1,42,0,0,0,1.62324929,#NUM!,0,
3,VS,4%,H3VS4,19,1,18,0,0,0,1.255272505,#NUM!,0,
3,VS,4%,H3VS4,21,1,0,0,#DIV/0!,0,0,#NUM!,0,
3,VS,4%,H3VS4,22,1,35,0,0,0,1.544068044,#NUM!,0,
3,VS,4%,H3VS4,78,1,0,0,#DIV/0!,0,0,#NUM!,0,
3,VS,4%,H3VS4,118,1,0,0,#DIV/0!,0,0,#NUM!,0,
3,VS,8%,H3VS8,41,1,40,0,0,0,1.602059991,#NUM!,0,
3,VS,8%,H3VS8,55,1,23,0,0,0,1.361727836,#NUM!,0,
3,VS,8%,H3VS8,58,1,38,0,0,0,1.579783597,#NUM!,0,
3,VS,8%,H3VS8,61,1,32,0,0,0,1.505149978,#NUM!,0,
3,VS,8%,H3VS8,75,1,0,0,#DIV/0!,0,0,#NUM!,0,
3,VS,8%,H3VS8,123,1,0,0,#DIV/0!,0,0,#NUM!,0,
3,VS,8%,H3VS8,125,1,0,0,#DIV/0!,0,0,#NUM!,0,
3,VS,8%,H3VS8,126,1,0,0,#DIV/0!,0,0,#NUM!,0,
3,VS,8%,H3VS8,128,1,0,0,#DIV/0!,0,0,#NUM!,0,
3,VS,8%,H3VS8,129,1,0,0,#DIV/0!,0,0,#NUM!,0,
3,VS,16%,H3VS16,46,1,23,0,0,0,1.361727836,#NUM!,0,
3,VS,16%,H3VS16,76,1,0,0,#DIV/0!,0,0,#NUM!,0,
3,VS,16%,H3VS16,85,1,0,0,#DIV/0!,0,0,#NUM!,0,
3,VS,16%,H3VS16,87,1,0,0,#DIV/0!,0,0,#NUM!,0,
3,VS,16%,H3VS16,91,1,0,0,#DIV/0!,0,0,#NUM!,0,
3,VS,16%,H3VS16,97,1,0,0,#DIV/0!,0,0,#NUM!,0,
3,VS,16%,H3VS16,98,1,0,0,#DIV/0!,0,0,#NUM!,0,
3,VS,16%,H3VS16,99,1,0,0,#DIV/0!,0,0,#NUM!,0,
3,VS,16%,H3VS16,105,1,0,0,#DIV/0!,0,0,#NUM!,0,
3,VS,16%,H3VS16,110,1,0,0,#DIV/0!,0,0,#NUM!,0,
3,VS,4%,H3VS4,22,2,44,9,0.204545455,0.204545455,1.643452676,0.954242509,0.954242509,
3,VS,4%,H3VS4,118,2,9,9,1,1,0.954242509,0.954242509,0.954242509,
3,VS,4%,H3VS4,5,2,10,10,0,1,1,1,1,
3,VS,4%,H3VS4,19,2,30,12,0.4,0.4,1.477121255,1.079181246,1.079181246,
3,VS,4%,H3VS4,18,2,55,13,0.236363636,0.236363636,1.740362689,1.113943352,1.113943352,
3,VS,4%,H3VS4,15,2,16,16,1,1,1.204119983,1.204119983,1.204119983,
3,VS,4%,H3VS4,78,2,21,21,1,1,1.322219295,1.322219295,1.322219295,
3,VS,4%,H3VS4,21,2,22,22,1,1,1.342422681,1.342422681,1.342422681,
3,VS,8%,H3VS8,55,2,24,1,0.041666667,0.041666667,1.380211242,0,0,
3,VS,8%,H3VS8,129,2,9,-27,-3,0,0.954242509,#NUM!,0,
3,VS,8%,H3VS8,58,2,42,4,0.095238095,0.095238095,1.62324929,0.602059991,0.602059991,
3,VS,8%,H3VS8,61,2,36,4,0.111111111,0.111111111,1.556302501,0.602059991,0.602059991,
3,VS,8%,H3VS8,41,2,48,8,0.166666667,0.166666667,1.681241237,0.903089987,0.903089987,
3,VS,8%,H3VS8,123,2,9,9,1,1,0.954242509,0.954242509,0.954242509,
3,VS,8%,H3VS8,125,2,9,9,1,1,0.954242509,0.954242509,0.954242509,
3,VS,8%,H3VS8,126,2,9,9,1,1,0.954242509,0.954242509,0.954242509,
3,VS,8%,H3VS8,128,2,9,9,1,1,0.954242509,0.954242509,0.954242509,
3,VS,8%,H3VS8,75,2,25,25,1,1,1.397940009,1.397940009,1.397940009,
3,VS,16%,H3VS16,99,2,30,-3,-0.1,0,1.477121255,#NUM!,0,
3,VS,16%,H3VS16,76,2,9,9,1,1,0.954242509,0.954242509,0.954242509,
3,VS,16%,H3VS16,91,2,9,9,1,1,0.954242509,0.954242509,0.954242509,
3,VS,16%,H3VS16,97,2,9,9,1,1,0.954242509,0.954242509,0.954242509,
3,VS,16%,H3VS16,105,2,9,9,1,1,0.954242509,0.954242509,0.954242509,
3,VS,16%,H3VS16,110,2,9,9,1,1,0.954242509,0.954242509,0.954242509,
3,VS,16%,H3VS16,46,2,35,12,0.342857143,0.342857143,1.544068044,1.079181246,1.079181246,
3,VS,16%,H3VS16,98,2,24,13,0.541666667,0.541666667,1.380211242,1.113943352,1.113943352,
3,VS,16%,H3VS16,85,2,14,14,1,1,1.146128036,1.146128036,1.146128036,
3,VS,16%,H3VS16,87,2,18,18,1,1,1.255272505,1.255272505,1.255272505,
3,VS,4%,H3VS4,118,3,9,0,0,0,0.954242509,#NUM!,0,
3,VS,4%,H3VS4,18,3,60,5,0.083333333,0.083333333,1.77815125,0.698970004,0.698970004,
3,VS,4%,H3VS4,78,3,27,6,0.222222222,0.222222222,1.431363764,0.77815125,0.77815125,
3,VS,4%,H3VS4,15,3,23,7,0.304347826,0.304347826,1.361727836,0.84509804,0.84509804,
3,VS,4%,H3VS4,19,3,38,8,0.210526316,0.210526316,1.579783597,0.903089987,0.903089987,
3,VS,4%,H3VS4,22,3,52,8,0.153846154,0.153846154,1.716003344,0.903089987,0.903089987,
3,VS,4%,H3VS4,5,3,20,10,10,0.5,1.301029996,1,1,
3,VS,4%,H3VS4,21,3,55,33,0.6,0.6,1.740362689,1.51851394,1.51851394,
3,VS,8%,H3VS8,61,3,30,-6,-0.2,0,1.477121255,#NUM!,0,
3,VS,8%,H3VS8,123,3,9,0,0,0,0.954242509,#NUM!,0,
3,VS,8%,H3VS8,125,3,9,0,0,0,0.954242509,#NUM!,0,
3,VS,8%,H3VS8,126,3,9,0,0,0,0.954242509,#NUM!,0,
3,VS,8%,H3VS8,128,3,9,0,0,0,0.954242509,#NUM!,0,
3,VS,8%,H3VS8,129,3,9,-27,-3,0,0.954242509,#NUM!,0,
3,VS,8%,H3VS8,58,3,44,2,0.045454545,0.045454545,1.643452676,0.301029996,0.301029996,
3,VS,8%,H3VS8,75,3,29,4,0.137931034,0.137931034,1.462397998,0.602059991,0.602059991,
3,VS,8%,H3VS8,55,3,30,6,0.2,0.2,1.477121255,0.77815125,0.77815125,
3,VS,8%,H3VS8,41,3,58,10,0.172413793,0.172413793,1.763427994,1,1,
3,VS,16%,H3VS16,46,3,35,0,0,0,1.544068044,#NUM!,0,
3,VS,16%,H3VS16,99,3,34,-22,-0.647058824,0,1.531478917,#NUM!,0,
3,VS,16%,H3VS16,76,3,15,6,0.4,0.4,1.176091259,0.77815125,0.77815125,
3,VS,16%,H3VS16,97,3,15,6,0.4,0.4,1.176091259,0.77815125,0.77815125,
3,VS,16%,H3VS16,87,3,29,11,0.379310345,0.379310345,1.462397998,1.041392685,1.041392685,
3,VS,16%,H3VS16,98,3,35,12,0.342857143,0.342857143,1.544068044,1.079181246,1.079181246,
3,VS,16%,H3VS16,105,3,21,12,0.571428571,0.571428571,1.322219295,1.079181246,1.079181246,
3,VS,16%,H3VS16,110,3,22,13,0.590909091,0.590909091,1.342422681,1.113943352,1.113943352,
3,VS,16%,H3VS16,85,3,31,17,0.548387097,0.548387097,1.491361694,1.230448921,1.230448921,
3,VS,16%,H3VS16,91,3,36,27,0.75,0.75,1.556302501,1.431363764,1.431363764,
3,VS,4%,H3VS4,19,4,39,1,0.025641026,0.025641026,1.591064607,0,0,
3,VS,4%,H3VS4,78,4,35,8,0.228571429,0.228571429,1.544068044,0.903089987,0.903089987,
3,VS,4%,H3VS4,21,4,64,9,0.140625,0.140625,1.806179974,0.954242509,0.954242509,
3,VS,4%,H3VS4,22,4,67,15,0.223880597,0.223880597,1.826074803,1.176091259,1.176091259,
3,VS,4%,H3VS4,18,4,76,16,0.210526316,0.210526316,1.880813592,1.204119983,1.204119983,
3,VS,4%,H3VS4,5,4,46,26,20,0.565217391,1.662757832,1.414973348,1.414973348,
3,VS,4%,H3VS4,118,4,36,27,0.75,0.75,1.556302501,1.431363764,1.431363764,
3,VS,4%,H3VS4,15,4,55,32,0.581818182,0.581818182,1.740362689,1.505149978,1.505149978,
3,VS,8%,H3VS8,55,4,30,0,0,0,1.477121255,#NUM!,0,
3,VS,8%,H3VS8,61,4,30,0,0,0,1.477121255,#NUM!,0,
3,VS,8%,H3VS8,123,4,9,0,0,0,0.954242509,#NUM!,0,
3,VS,8%,H3VS8,125,4,9,0,0,0,0.954242509,#NUM!,0,
3,VS,8%,H3VS8,126,4,9,0,0,0,0.954242509,#NUM!,0,
3,VS,8%,H3VS8,128,4,9,0,0,0,0.954242509,#NUM!,0,
3,VS,8%,H3VS8,129,4,9,-41,-4.555555556,0,0.954242509,#NUM!,0,
3,VS,8%,H3VS8,58,4,52,8,0.153846154,0.153846154,1.716003344,0.903089987,0.903089987,
3,VS,8%,H3VS8,41,4,68,10,0.147058824,0.147058824,1.832508913,1,1,
3,VS,8%,H3VS8,75,4,40,11,0.275,0.275,1.602059991,1.041392685,1.041392685,
3,VS,16%,H3VS16,85,4,30,-1,-0.033333333,0,1.477121255,#NUM!,0,
3,VS,16%,H3VS16,91,4,32,-4,-0.125,0,1.505149978,#NUM!,0,
3,VS,16%,H3VS16,98,4,41,-12,-0.292682927,0,1.612783857,#NUM!,0,
3,VS,16%,H3VS16,99,4,42,-10,-0.238095238,0,1.62324929,#NUM!,0,
3,VS,16%,H3VS16,46,4,40,5,0.125,0.125,1.602059991,0.698970004,0.698970004,
3,VS,16%,H3VS16,76,4,20,5,0.25,0.25,1.301029996,0.698970004,0.698970004,
3,VS,16%,H3VS16,110,4,31,9,0.290322581,0.290322581,1.491361694,0.954242509,0.954242509,
3,VS,16%,H3VS16,97,4,30,15,0.5,0.5,1.477121255,1.176091259,1.176091259,
3,VS,16%,H3VS16,87,4,45,16,0.355555556,0.355555556,1.653212514,1.204119983,1.204119983,
3,VS,16%,H3VS16,105,4,40,19,0.475,0.475,1.602059991,1.278753601,1.278753601,
3,VS,4%,H3VS4,19,5,52,13,0.25,0.25,1.716003344,1.113943352,1.113943352,
3,VS,4%,H3VS4,22,5,81,14,0.172839506,0.172839506,1.908485019,1.146128036,1.146128036,
3,VS,4%,H3VS4,18,5,91,15,0.164835165,0.164835165,1.959041392,1.176091259,1.176091259,
3,VS,4%,H3VS4,78,5,50,15,0.3,0.3,1.698970004,1.176091259,1.176091259,
3,VS,4%,H3VS4,118,5,51,15,0.294117647,0.294117647,1.707570176,1.176091259,1.176091259,
3,VS,4%,H3VS4,21,5,80,16,0.2,0.2,1.903089987,1.204119983,1.204119983,
3,VS,4%,H3VS4,15,5,76,21,0.276315789,0.276315789,1.880813592,1.322219295,1.322219295,
3,VS,4%,H3VS4,5,5,74,28,46,0.378378378,1.86923172,1.447158031,1.447158031,
3,VS,8%,H3VS8,55,5,30,0,0,0,1.477121255,#NUM!,0,
3,VS,8%,H3VS8,123,5,9,0,0,0,0.954242509,#NUM!,0,
3,VS,8%,H3VS8,125,5,9,0,0,0,0.954242509,#NUM!,0,
3,VS,8%,H3VS8,126,5,9,0,0,0,0.954242509,#NUM!,0,
3,VS,8%,H3VS8,128,5,9,0,0,0,0.954242509,#NUM!,0,
3,VS,8%,H3VS8,129,5,9,-43,-4.777777778,0,0.954242509,#NUM!,0,
3,VS,8%,H3VS8,58,5,55,3,0.054545455,0.054545455,1.740362689,0.477121255,0.477121255,
3,VS,8%,H3VS8,41,5,76,8,0.105263158,0.105263158,1.880813592,0.903089987,0.903089987,
3,VS,8%,H3VS8,61,5,40,10,0.25,0.25,1.602059991,1,1,
3,VS,8%,H3VS8,75,5,50,10,0.2,0.2,1.698970004,1,1,
3,VS,16%,H3VS16,85,5,31,1,0.032258065,0.032258065,1.491361694,0,0,
3,VS,16%,H3VS16,87,5,42,-3,-0.071428571,0,1.62324929,#NUM!,0,
3,VS,16%,H3VS16,97,5,30,0,0,0,1.477121255,#NUM!,0,
3,VS,16%,H3VS16,98,5,50,-19,-0.38,0,1.698970004,#NUM!,0,
3,VS,16%,H3VS16,99,5,53,-8,-0.150943396,0,1.72427587,#NUM!,0,
3,VS,16%,H3VS16,46,5,45,5,0.111111111,0.111111111,1.653212514,0.698970004,0.698970004,
3,VS,16%,H3VS16,105,5,53,13,0.245283019,0.245283019,1.72427587,1.113943352,1.113943352,
3,VS,16%,H3VS16,76,5,37,17,0.459459459,0.459459459,1.568201724,1.230448921,1.230448921,
3,VS,16%,H3VS16,110,5,53,22,0.41509434,0.41509434,1.72427587,1.342422681,1.342422681,
3,VS,16%,H3VS16,91,5,66,34,0.515151515,0.515151515,1.819543936,1.531478917,1.531478917,
3,VS,4%,H3VS4,18,6,93,2,0.021505376,0.021505376,1.968482949,0.301029996,0.301029996,
3,VS,4%,H3VS4,21,6,82,2,0.024390244,0.024390244,1.913813852,0.301029996,0.301029996,
3,VS,4%,H3VS4,15,6,82,6,0.073170732,0.073170732,1.913813852,0.77815125,0.77815125,
3,VS,4%,H3VS4,22,6,87,6,0.068965517,0.068965517,1.939519253,0.77815125,0.77815125,
3,VS,4%,H3VS4,19,6,60,8,0.133333333,0.133333333,1.77815125,0.903089987,0.903089987,
3,VS,4%,H3VS4,118,6,60,9,0.15,0.15,1.77815125,0.954242509,0.954242509,
3,VS,4%,H3VS4,78,6,61,11,0.180327869,0.180327869,1.785329835,1.041392685,1.041392685,
3,VS,4%,H3VS4,5,6,93,19,74,0.204301075,1.968482949,1.278753601,1.278753601,
3,VS,8%,H3VS8,58,6,52,-3,-0.057692308,0,1.716003344,#NUM!,0,
3,VS,8%,H3VS8,61,6,40,0,0,0,1.602059991,#NUM!,0,
3,VS,8%,H3VS8,75,6,42,-8,-0.19047619,0,1.62324929,#NUM!,0,
3,VS,8%,H3VS8,55,6,45,15,0.333333333,0.333333333,1.653212514,1.176091259,1.176091259,
3,VS,8%,H3VS8,129,6,76,16,0.210526316,0.210526316,1.880813592,1.204119983,1.204119983,
3,VS,8%,H3VS8,41,6,95,19,0.2,0.2,1.977723605,1.278753601,1.278753601,
3,VS,8%,H3VS8,128,6,50,41,0.82,0.82,1.698970004,1.612783857,1.612783857,
3,VS,8%,H3VS8,126,6,52,43,0.826923077,0.826923077,1.716003344,1.633468456,1.633468456,
3,VS,8%,H3VS8,125,6,62,53,0.85483871,0.85483871,1.792391689,1.72427587,1.72427587,
3,VS,8%,H3VS8,123,6,67,58,0.865671642,0.865671642,1.826074803,1.763427994,1.763427994,
3,VS,16%,H3VS16,46,6,45,0,0,0,1.653212514,#NUM!,0,
3,VS,16%,H3VS16,85,6,30,-1,-0.033333333,0,1.477121255,#NUM!,0,
3,VS,16%,H3VS16,91,6,66,0,0,0,1.819543936,#NUM!,0,
3,VS,16%,H3VS16,98,6,57,-3,-0.052631579,0,1.755874856,#NUM!,0,
3,VS,16%,H3VS16,99,6,49,-7,-0.142857143,0,1.69019608,#NUM!,0,
3,VS,16%,H3VS16,110,6,55,2,0.036363636,0.036363636,1.740362689,0.301029996,0.301029996,
3,VS,16%,H3VS16,76,6,41,4,0.097560976,0.097560976,1.612783857,0.602059991,0.602059991,
3,VS,16%,H3VS16,87,6,48,6,0.125,0.125,1.681241237,0.77815125,0.77815125,
3,VS,16%,H3VS16,97,6,36,6,0.166666667,0.166666667,1.556302501,0.77815125,0.77815125,
3,VS,16%,H3VS16,105,6,62,9,0.14516129,0.14516129,1.792391689,0.954242509,0.954242509,
3,VS,4%,H3VS4,78,7,60,-1,-0.016666667,0,1.77815125,#NUM!,0,
3,VS,4%,H3VS4,118,7,65,5,0.076923077,0.076923077,1.812913357,0.698970004,0.698970004,
3,VS,4%,H3VS4,18,7,101,8,0.079207921,0.079207921,2.004321374,0.903089987,0.903089987,
3,VS,4%,H3VS4,21,7,93,11,0.11827957,0.11827957,1.968482949,1.041392685,1.041392685,
3,VS,4%,H3VS4,15,7,98,16,0.163265306,0.163265306,1.991226076,1.204119983,1.204119983,
3,VS,4%,H3VS4,22,7,105,18,0.171428571,0.171428571,2.021189299,1.255272505,1.255272505,
3,VS,4%,H3VS4,5,7,112,19,93,0.169642857,2.049218023,1.278753601,1.278753601,
3,VS,4%,H3VS4,19,7,81,21,0.259259259,0.259259259,1.908485019,1.322219295,1.322219295,
3,VS,8%,H3VS8,55,7,40,-5,-0.125,0,1.602059991,#NUM!,0,
3,VS,8%,H3VS8,123,7,62,-5,-0.080645161,0,1.792391689,#NUM!,0,
3,VS,8%,H3VS8,75,7,46,4,0.086956522,0.086956522,1.662757832,0.602059991,0.602059991,
3,VS,8%,H3VS8,61,7,46,6,0.130434783,0.130434783,1.662757832,0.77815125,0.77815125,
3,VS,8%,H3VS8,58,7,59,7,0.118644068,0.118644068,1.770852012,0.84509804,0.84509804,
3,VS,8%,H3VS8,128,7,57,7,0.122807018,0.122807018,1.755874856,0.84509804,0.84509804,
3,VS,8%,H3VS8,125,7,72,10,0.138888889,0.138888889,1.857332496,1,1,
3,VS,8%,H3VS8,126,7,68,16,0.235294118,0.235294118,1.832508913,1.204119983,1.204119983,
3,VS,8%,H3VS8,41,7,112,17,0.151785714,0.151785714,2.049218023,1.230448921,1.230448921,
3,VS,8%,H3VS8,129,7,66,20,0.303030303,0.303030303,1.819543936,1.301029996,1.301029996,
3,VS,16%,H3VS16,87,7,48,0,0,0,1.681241237,#NUM!,0,
3,VS,16%,H3VS16,91,7,66,0,0,0,1.819543936,#NUM!,0,
3,VS,16%,H3VS16,99,7,53,-1,-0.018867925,0,1.72427587,#NUM!,0,
3,VS,16%,H3VS16,105,7,62,0,0,0,1.792391689,#NUM!,0,
3,VS,16%,H3VS16,110,7,59,4,0.06779661,0.06779661,1.770852012,0.602059991,0.602059991,
3,VS,16%,H3VS16,98,7,62,6,0.096774194,0.096774194,1.792391689,0.77815125,0.77815125,
3,VS,16%,H3VS16,85,7,39,9,0.230769231,0.230769231,1.591064607,0.954242509,0.954242509,
3,VS,16%,H3VS16,97,7,45,9,0.2,0.2,1.653212514,0.954242509,0.954242509,
3,VS,16%,H3VS16,76,7,67,26,0.388059701,0.388059701,1.826074803,1.414973348,1.414973348,
3,VS,16%,H3VS16,46,7,78,33,0.423076923,0.423076923,1.892094603,1.51851394,1.51851394,
3,VS,4%,H3VS4,118,8,70,5,0.071428571,0.071428571,1.84509804,0.698970004,0.698970004,
3,VS,4%,H3VS4,15,8,104,6,0.057692308,0.057692308,2.017033339,0.77815125,0.77815125,
3,VS,4%,H3VS4,22,8,113,8,0.07079646,0.07079646,2.053078443,0.903089987,0.903089987,
3,VS,4%,H3VS4,78,8,69,9,0.130434783,0.130434783,1.838849091,0.954242509,0.954242509,
3,VS,4%,H3VS4,19,8,95,14,0.147368421,0.147368421,1.977723605,1.146128036,1.146128036,
3,VS,4%,H3VS4,18,8,117,16,0.136752137,0.136752137,2.068185862,1.204119983,1.204119983,
3,VS,4%,H3VS4,21,8,110,17,0.154545455,0.154545455,2.041392685,1.230448921,1.230448921,
3,VS,4%,H3VS4,5,8,134,22,0.164179104,0.164179104,2.127104798,1.342422681,1.342422681,
3,VS,8%,H3VS8,41,8,111,-1,-0.009009009,0,2.045322979,#NUM!,0,
3,VS,8%,H3VS8,58,8,53,-6,-0.113207547,0,1.72427587,#NUM!,0,
3,VS,8%,H3VS8,61,8,32,-14,-0.4375,0,1.505149978,#NUM!,0,
3,VS,8%,H3VS8,125,8,67,-5,-0.074626866,0,1.826074803,#NUM!,0,
3,VS,8%,H3VS8,55,8,43,3,0.069767442,0.069767442,1.633468456,0.477121255,0.477121255,
3,VS,8%,H3VS8,126,8,71,3,0.042253521,0.042253521,1.851258349,0.477121255,0.477121255,
3,VS,8%,H3VS8,129,8,74,5,0.067567568,0.067567568,1.86923172,0.698970004,0.698970004,
3,VS,8%,H3VS8,75,8,55,9,0.163636364,0.163636364,1.740362689,0.954242509,0.954242509,
3,VS,8%,H3VS8,123,8,86,24,0.279069767,0.279069767,1.934498451,1.380211242,1.380211242,
3,VS,8%,H3VS8,128,8,129,72,0.558139535,0.558139535,2.11058971,1.857332496,0.857332496,*
3,VS,16%,H3VS16,46,8,76,-2,-0.026315789,0,1.880813592,#NUM!,0,
3,VS,16%,H3VS16,87,8,48,0,0,0,1.681241237,#NUM!,0,
3,VS,16%,H3VS16,97,8,35,-10,-0.285714286,0,1.544068044,#NUM!,0,
3,VS,16%,H3VS16,98,8,62,3,0.048387097,0.048387097,1.792391689,0.477121255,0.477121255,
3,VS,16%,H3VS16,91,8,71,5,0.070422535,0.070422535,1.851258349,0.698970004,0.698970004,
3,VS,16%,H3VS16,105,8,68,6,0.088235294,0.088235294,1.832508913,0.77815125,0.77815125,
3,VS,16%,H3VS16,110,8,65,6,0.092307692,0.092307692,1.812913357,0.77815125,0.77815125,
3,VS,16%,H3VS16,76,8,75,8,0.106666667,0.106666667,1.875061263,0.903089987,0.903089987,
3,VS,16%,H3VS16,85,8,48,9,0.1875,0.1875,1.681241237,0.954242509,0.954242509,
3,VS,16%,H3VS16,99,8,71,13,0.183098592,0.183098592,1.851258349,1.113943352,0.913943352,
3,VS,4%,H3VS4,78,9,73,4,0.054794521,0.054794521,1.86332286,0.602059991,0.602059991,
3,VS,4%,H3VS4,21,9,116,6,0.051724138,0.051724138,2.064457989,0.77815125,0.77815125,
3,VS,4%,H3VS4,18,9,135,18,0.133333333,0.133333333,2.130333768,1.255272505,1.255272505,
3,VS,4%,H3VS4,118,9,90,20,0.222222222,0.222222222,1.954242509,1.301029996,1.301029996,
3,VS,4%,H3VS4,22,9,143,30,0.20979021,0.20979021,2.155336037,1.477121255,1.477121255,
3,VS,4%,H3VS4,15,9,135,31,0.22962963,0.22962963,2.130333768,1.491361694,1.491361694,
3,VS,4%,H3VS4,5,9,166,32,0.192771084,0.192771084,2.220108088,1.505149978,1.505149978,
3,VS,4%,H3VS4,19,9,135,40,0.296296296,0.296296296,2.130333768,1.602059991,1.602059991,
3,VS,8%,H3VS8,128,9,98,-31,-0.316326531,0,1.991226076,#NUM!,0,
3,VS,8%,H3VS8,58,9,62,9,0.14516129,0.14516129,1.792391689,0.954242509,0.954242509,
3,VS,8%,H3VS8,126,9,80,9,0.1125,0.1125,1.903089987,0.954242509,0.954242509,
3,VS,8%,H3VS8,123,9,100,14,0.14,0.14,2,1.146128036,1.146128036,
3,VS,8%,H3VS8,75,9,70,15,0.214285714,0.214285714,1.84509804,1.176091259,1.176091259,
3,VS,8%,H3VS8,41,9,130,19,0.146153846,0.146153846,2.113943352,1.278753601,1.278753601,
3,VS,8%,H3VS8,55,9,70,27,0.385714286,0.385714286,1.84509804,1.431363764,1.431363764,
3,VS,8%,H3VS8,125,9,97,30,0.309278351,0.309278351,1.986771734,1.477121255,1.477121255,
3,VS,8%,H3VS8,129,9,110,32,0.290909091,0.290909091,2.041392685,1.505149978,1.505149978,
3,VS,8%,H3VS8,61,9,73,41,0.561643836,0.561643836,1.86332286,1.612783857,1.612783857,
3,VS,16%,H3VS16,98,9,55,-14,-0.254545455,0,1.740362689,#NUM!,0,
3,VS,16%,H3VS16,105,9,68,0,0,0,1.832508913,#NUM!,0,
3,VS,16%,H3VS16,110,9,67,2,0.029850746,0.029850746,1.826074803,0.301029996,0.301029996,
3,VS,16%,H3VS16,91,9,75,4,0.053333333,0.053333333,1.875061263,0.602059991,0.602059991,
3,VS,16%,H3VS16,85,9,62,14,0.225806452,0.225806452,1.792391689,1.146128036,1.146128036,
3,VS,16%,H3VS16,46,9,94,18,0.191489362,0.191489362,1.973127854,1.255272505,1.255272505,
3,VS,16%,H3VS16,99,9,86,19,0.220930233,0.220930233,1.934498451,1.278753601,1.278753601,
3,VS,16%,H3VS16,87,9,71,23,0.323943662,0.323943662,1.851258349,1.361727836,1.361727836,
3,VS,16%,H3VS16,76,9,109,34,0.311926606,0.311926606,2.037426498,1.531478917,1.531478917,
3,VS,16%,H3VS16,97,9,110,75,0.681818182,0.681818182,1.941392685,1.875061263,1.475061263,*
3,VS,4%,H3VS4,118,10,81,-9,-0.111111111,0,1.908485019,#NUM!,0,
3,VS,4%,H3VS4,78,10,79,6,0.075949367,0.075949367,1.897627091,0.77815125,0.77815125,
3,VS,4%,H3VS4,5,10,176,10,0.056818182,0.056818182,2.245512668,1,1,
3,VS,4%,H3VS4,19,10,150,15,0.1,0.1,2.176091259,1.176091259,1.176091259,
3,VS,4%,H3VS4,21,10,144,28,0.194444444,0.194444444,2.158362492,1.447158031,1.447158031,
3,VS,4%,H3VS4,18,10,164,29,0.176829268,0.176829268,2.214843848,1.462397998,1.462397998,
3,VS,4%,H3VS4,22,10,179,36,0.201117318,0.201117318,2.252853031,1.556302501,1.556302501,
3,VS,4%,H3VS4,15,10,177,42,0.237288136,0.237288136,2.247973266,1.62324929,1.62324929,
3,VS,8%,H3VS8,55,10,67,-3,-0.044776119,0,1.826074803,#NUM!,0,
3,VS,8%,H3VS8,61,10,53,-20,-0.377358491,0,1.72427587,#NUM!,0,
3,VS,8%,H3VS8,125,10,100,3,0.03,0.03,2,0.477121255,0.477121255,
3,VS,8%,H3VS8,58,10,72,10,0.138888889,0.138888889,1.857332496,1,1,
3,VS,8%,H3VS8,126,10,92,12,0.130434783,0.130434783,1.963787827,1.079181246,1.079181246,
3,VS,8%,H3VS8,123,10,114,14,0.122807018,0.122807018,2.056904851,1.146128036,1.146128036,
3,VS,8%,H3VS8,41,10,147,17,0.115646259,0.115646259,2.167317335,1.230448921,1.230448921,
3,VS,8%,H3VS8,75,10,88,18,0.204545455,0.204545455,1.944482672,1.255272505,1.255272505,
3,VS,8%,H3VS8,128,10,124,26,0.209677419,0.209677419,2.093421685,1.414973348,1.414973348,
3,VS,8%,H3VS8,129,10,121,34,0.280991736,0.280991736,2.08278537,1.531478917,1.531478917,
3,VS,16%,H3VS16,87,10,71,0,0,0,1.851258349,#NUM!,0,
3,VS,16%,H3VS16,97,10,71,-39,-0.549295775,0,1.851258349,#NUM!,0,
3,VS,16%,H3VS16,46,10,104,10,0.096153846,0.096153846,2.017033339,1,1,
3,VS,16%,H3VS16,85,10,72,10,0.138888889,0.138888889,1.857332496,1,1,
3,VS,16%,H3VS16,76,10,126,17,0.134920635,0.134920635,2.100370545,1.230448921,1.230448921,
3,VS,16%,H3VS16,99,10,124,27,0.217741935,0.217741935,2.093421685,1.431363764,1.431363764,
3,VS,16%,H3VS16,91,10,103,28,0.27184466,0.27184466,2.012837225,1.447158031,1.447158031,
3,VS,16%,H3VS16,98,10,100,29,0.29,0.29,2,1.462397998,1.462397998,
3,VS,16%,H3VS16,110,10,101,34,0.336633663,0.336633663,2.004321374,1.531478917,1.531478917,
3,VS,16%,H3VS16,105,10,117,49,0.418803419,0.418803419,2.068185862,1.69019608,1.69019608,
3,VS,4%,H3VS4,78,11,102,23,0.225490196,0.225490196,2.008600172,1.361727836,1.361727836,
3,VS,4%,H3VS4,5,11,202,26,0.128712871,0.128712871,2.305351369,1.414973348,1.414973348,
3,VS,4%,H3VS4,15,11,204,27,0.132352941,0.132352941,2.309630167,1.431363764,1.431363764,
3,VS,4%,H3VS4,118,11,109,28,0.256880734,0.256880734,2.037426498,1.447158031,1.447158031,
3,VS,4%,H3VS4,19,11,195,45,0.230769231,0.230769231,2.290034611,1.653212514,1.653212514,
3,VS,4%,H3VS4,22,11,233,54,0.231759657,0.231759657,2.367355921,1.73239376,1.73239376,
3,VS,4%,H3VS4,21,11,209,65,0.311004785,0.311004785,2.320146286,1.812913357,1.812913357,
3,VS,4%,H3VS4,18,11,234,70,0.299145299,0.299145299,2.369215857,1.84509804,1.84509804,
3,VS,8%,H3VS8,55,11,90,23,0.255555556,0.255555556,1.954242509,1.361727836,1.361727836,
3,VS,8%,H3VS8,126,11,128,36,0.28125,0.28125,2.10720997,1.556302501,1.556302501,
3,VS,8%,H3VS8,58,11,109,37,0.339449541,0.339449541,2.037426498,1.568201724,1.568201724,
3,VS,8%,H3VS8,61,11,106,53,0.5,0.5,2.025305865,1.72427587,1.72427587,
3,VS,8%,H3VS8,129,11,180,58,0.322222222,0.322222222,2.255272505,1.763427994,1.763427994,
3,VS,8%,H3VS8,123,11,183,69,0.37704918,0.37704918,2.26245109,1.838849091,1.838849091,
3,VS,8%,H3VS8,128,11,212,88,0.41509434,0.41509434,2.326335861,1.944482672,1.944482672,
3,VS,8%,H3VS8,75,11,178,90,0.505617978,0.505617978,2.250420002,1.954242509,1.954242509,
3,VS,8%,H3VS8,125,11,190,90,0.473684211,0.473684211,2.278753601,1.954242509,1.954242509,
3,VS,8%,H3VS8,41,11,249,102,0.409638554,0.409638554,2.396199347,2.008600172,2.008600172,
3,VS,16%,H3VS16,99,11,135,2,0.014814815,0.014814815,2.130333768,0.301029996,0.301029996,
3,VS,16%,H3VS16,97,11,104,33,0.317307692,0.317307692,2.017033339,1.51851394,1.51851394,
3,VS,16%,H3VS16,46,11,140,36,0.257142857,0.257142857,2.146128036,1.556302501,1.556302501,
3,VS,16%,H3VS16,110,11,141,40,0.283687943,0.283687943,2.149219113,1.602059991,1.602059991,
3,VS,16%,H3VS16,85,11,119,47,0.394957983,0.394957983,2.075546961,1.672097858,1.672097858,
3,VS,16%,H3VS16,98,11,167,51,0.305389222,0.305389222,2.222716471,1.707570176,1.707570176,
3,VS,16%,H3VS16,87,11,124,53,0.427419355,0.427419355,2.093421685,1.72427587,1.72427587,
3,VS,16%,H3VS16,105,11,174,57,0.327586207,0.327586207,2.240549248,1.755874856,1.755874856,
3,VS,16%,H3VS16,76,11,190,64,0.336842105,0.336842105,2.278753601,1.806179974,1.806179974,
3,VS,16%,H3VS16,91,11,170,67,0.394117647,0.394117647,2.230448921,1.826074803,1.826074803,
3,VS,4%,H3VS4,5,12,203,1,0.004926108,0.004926108,2.307496038,0,0,
3,VS,4%,H3VS4,78,12,104,2,0.019230769,0.019230769,2.017033339,0.301029996,0.301029996,
3,VS,4%,H3VS4,18,12,243,9,0.037037037,0.037037037,2.385606274,0.954242509,0.954242509,
3,VS,4%,H3VS4,118,12,121,12,0.099173554,0.099173554,2.08278537,1.079181246,1.079181246,
3,VS,4%,H3VS4,21,12,230,21,0.091304348,0.091304348,2.361727836,1.322219295,1.322219295,
3,VS,4%,H3VS4,22,12,255,22,0.08627451,0.08627451,2.40654018,1.342422681,1.342422681,
3,VS,4%,H3VS4,19,12,226,31,0.137168142,0.137168142,2.354108439,1.491361694,1.491361694,
3,VS,4%,H3VS4,15,12,237,33,0.139240506,0.139240506,2.374748346,1.51851394,1.51851394,
3,VS,8%,H3VS8,61,12,104,-2,-0.019230769,0,2.017033339,#NUM!,0,
3,VS,8%,H3VS8,128,12,214,2,0.009345794,0.009345794,2.330413773,0.301029996,0.301029996,
3,VS,8%,H3VS8,55,12,93,3,0.032258065,0.032258065,1.968482949,0.477121255,0.477121255,
3,VS,8%,H3VS8,58,12,120,11,0.091666667,0.091666667,2.079181246,1.041392685,1.041392685,
3,VS,8%,H3VS8,123,12,195,12,0.061538462,0.061538462,2.290034611,1.079181246,1.079181246,
3,VS,8%,H3VS8,41,12,266,17,0.063909774,0.063909774,2.424881637,1.230448921,1.230448921,
3,VS,8%,H3VS8,126,12,153,25,0.163398693,0.163398693,2.184691431,1.397940009,1.397940009,
3,VS,8%,H3VS8,75,12,204,26,0.12745098,0.12745098,2.309630167,1.414973348,1.414973348,
3,VS,8%,H3VS8,125,12,224,34,0.151785714,0.151785714,2.350248018,1.531478917,1.531478917,
3,VS,8%,H3VS8,129,12,193,59,0.305699482,0.305699482,2.285557309,1.770852012,1.770852012,
3,VS,16%,H3VS16,105,12,174,0,0,0,2.240549248,#NUM!,0,
3,VS,16%,H3VS16,46,12,150,10,0.066666667,0.066666667,2.176091259,1,1,
3,VS,16%,H3VS16,91,12,180,10,0.055555556,0.055555556,2.255272505,1,1,
3,VS,16%,H3VS16,97,12,116,12,0.103448276,0.103448276,2.064457989,1.079181246,1.079181246,
3,VS,16%,H3VS16,110,12,154,13,0.084415584,0.084415584,2.187520721,1.113943352,1.113943352,
3,VS,16%,H3VS16,85,12,133,14,0.105263158,0.105263158,2.123851641,1.146128036,1.146128036,
3,VS,16%,H3VS16,76,12,205,15,0.073170732,0.073170732,2.311753861,1.176091259,1.176091259,
3,VS,16%,H3VS16,87,12,150,26,0.173333333,0.173333333,2.176091259,1.414973348,1.414973348,
3,VS,16%,H3VS16,98,12,187,51,0.272727273,0.272727273,2.271841607,1.707570176,1.707570176,
3,VS,16%,H3VS16,99,12,136,107.4,0.789705882,0.789705882,2.133538908,2.031004281,1.731004281,
3,VS,4%,H3VS4,18,13,243,0,0,0,2.385606274,#NUM!,0,
3,VS,4%,H3VS4,19,13,227,1,0.004405286,0.004405286,2.356025857,0,0,
3,VS,4%,H3VS4,21,13,225,-5,-0.022222222,0,2.352182518,#NUM!,0,
3,VS,4%,H3VS4,22,13,258,3,0.011627907,0.011627907,2.111619706,0.477121255,0.477121255,*
3,VS,4%,H3VS4,5,13,220,17,0.077272727,0.077272727,2.342422681,1.230448921,1.230448921,
3,VS,4%,H3VS4,118,13,138,17,0.123188406,0.123188406,2.139879086,1.230448921,1.230448921,
3,VS,4%,H3VS4,15,13,263,26,0.098859316,0.098859316,2.419955748,1.414973348,1.414973348,
3,VS,4%,H3VS4,78,13,143,39,0.272727273,0.272727273,2.155336037,1.591064607,1.591064607,
3,VS,8%,H3VS8,61,13,103,-1,-0.009708738,0,2.012837225,#NUM!,0,
3,VS,8%,H3VS8,123,13,192,-3,-0.015625,0,2.283301229,#NUM!,0,
3,VS,8%,H3VS8,128,13,121,-93,-0.768595041,0,2.08278537,#NUM!,0,
3,VS,8%,H3VS8,125,13,226,2,0.008849558,0.008849558,2.354108439,0.301029996,0.301029996,
3,VS,8%,H3VS8,126,13,164,11,0.067073171,0.067073171,2.214843848,1.041392685,1.041392685,
3,VS,8%,H3VS8,55,13,105,12,0.114285714,0.114285714,2.021189299,1.079181246,1.079181246,
3,VS,8%,H3VS8,75,13,220,16,0.072727273,0.072727273,2.342422681,1.204119983,1.204119983,
3,VS,8%,H3VS8,41,13,285,19,0.066666667,0.066666667,2.45484486,1.278753601,1.278753601,
3,VS,8%,H3VS8,58,13,141,21,0.14893617,0.14893617,2.149219113,1.322219295,1.322219295,
3,VS,8%,H3VS8,129,13,204,69,0.338235294,0.338235294,2.309630167,1.838849091,1.838849091,
3,VS,16%,H3VS16,97,13,116,0,0,0,2.064457989,#NUM!,0,
3,VS,16%,H3VS16,87,13,160,10,0.0625,0.0625,2.204119983,1,1,
3,VS,16%,H3VS16,99,13,156,10,0.064102564,0.064102564,2.193124598,1,1,
3,VS,16%,H3VS16,110,13,165,11,0.066666667,0.066666667,2.217483944,1.041392685,1.041392685,
3,VS,16%,H3VS16,85,13,145,12,0.082758621,0.082758621,2.161368002,1.079181246,1.079181246,
3,VS,16%,H3VS16,91,13,193,13,0.067357513,0.067357513,2.285557309,1.113943352,1.113943352,
3,VS,16%,H3VS16,46,13,165,15,0.090909091,0.090909091,2.217483944,1.176091259,1.176091259,
3,VS,16%,H3VS16,76,13,221,16,0.07239819,0.07239819,2.344392274,1.204119983,1.204119983,
3,VS,16%,H3VS16,105,13,190,16,0.084210526,0.084210526,2.278753601,1.204119983,1.204119983,
3,VS,16%,H3VS16,98,13,194,47,0.242268041,0.242268041,2.28780173,1.672097858,1.672097858,
3,VS,4%,H3VS4,15,14,258,-5,-0.019379845,0,2.411619706,#NUM!,0,
3,VS,4%,H3VS4,18,14,239,-4,-0.016736402,0,2.378397901,#NUM!,0,
3,VS,4%,H3VS4,22,14,266,8,0.030075188,0.030075188,2.424881637,0.903089987,0.903089987,
3,VS,4%,H3VS4,21,14,238,13,0.054621849,0.054621849,2.376576957,1.113943352,1.113943352,
3,VS,4%,H3VS4,5,14,245,25,0.102040816,0.102040816,2.389166084,1.397940009,1.397940009,
3,VS,4%,H3VS4,118,14,165,27,0.163636364,0.163636364,2.217483944,1.431363764,1.431363764,
3,VS,4%,H3VS4,19,14,257,30,0.116731518,0.116731518,2.409933123,1.477121255,1.477121255,
3,VS,4%,H3VS4,78,14,205,62,0.302439024,0.302439024,2.311753861,1.792391689,1.792391689,
3,VS,8%,H3VS8,125,14,229,3,0.013100437,0.013100437,2.359835482,0.477121255,0.477121255,
3,VS,8%,H3VS8,55,14,114,9,0.078947368,0.078947368,2.056904851,0.954242509,0.954242509,
3,VS,8%,H3VS8,41,14,298,13,0.043624161,0.043624161,2.474216264,1.113943352,1.113943352,
3,VS,8%,H3VS8,58,14,158,17,0.107594937,0.107594937,2.198657087,1.230448921,1.230448921,
3,VS,8%,H3VS8,123,14,209,17,0.081339713,0.081339713,2.320146286,1.230448921,1.230448921,
3,VS,8%,H3VS8,61,14,125,22,0.176,0.176,2.096910013,1.342422681,1.342422681,
3,VS,8%,H3VS8,126,14,191,27,0.141361257,0.141361257,2.281033367,1.431363764,1.431363764,
3,VS,8%,H3VS8,75,14,255,35,0.137254902,0.137254902,2.40654018,1.544068044,1.544068044,
3,VS,8%,H3VS8,129,14,209,54,0.258373206,0.258373206,2.320146286,1.73239376,1.73239376,
3,VS,8%,H3VS8,128,14,230,109,0.473913043,0.473913043,2.361727836,2.037426498,1.737426498,
3,VS,16%,H3VS16,85,14,150,5,0.033333333,0.033333333,2.176091259,0.698970004,0.698970004,
3,VS,16%,H3VS16,46,14,177,12,0.06779661,0.06779661,2.247973266,1.079181246,1.079181246,
3,VS,16%,H3VS16,76,14,233,12,0.051502146,0.051502146,2.367355921,1.079181246,1.079181246,
3,VS,16%,H3VS16,110,14,179,14,0.078212291,0.078212291,2.252853031,1.146128036,1.146128036,
3,VS,16%,H3VS16,91,14,209,16,0.076555024,0.076555024,2.320146286,1.204119983,1.204119983,
3,VS,16%,H3VS16,87,14,180,20,0.111111111,0.111111111,2.255272505,1.301029996,1.301029996,
3,VS,16%,H3VS16,97,14,139,23,0.165467626,0.165467626,2.1430148,1.361727836,1.361727836,
3,VS,16%,H3VS16,99,14,180,24,0.133333333,0.133333333,2.255272505,1.380211242,1.380211242,
3,VS,16%,H3VS16,105,14,214,24,0.112149533,0.112149533,2.330413773,1.380211242,1.380211242,
3,VS,16%,H3VS16,98,14,211,56,0.265402844,0.265402844,2.324282455,1.748188027,1.748188027,
3,VS,4%,H3VS4,22,15,203,-63,-0.310344828,0,2.307496038,#NUM!,0,
3,VS,4%,H3VS4,15,15,287,29,0.101045296,0.101045296,2.457881897,1.462397998,1.462397998,
3,VS,4%,H3VS4,118,15,197,32,0.162436548,0.162436548,2.294466226,1.505149978,1.505149978,
3,VS,4%,H3VS4,19,15,295,38,0.128813559,0.128813559,2.469822016,1.579783597,1.579783597,
3,VS,4%,H3VS4,18,15,282,43,0.15248227,0.15248227,2.450249108,1.633468456,1.633468456,
3,VS,4%,H3VS4,78,15,255,50,0.196078431,0.196078431,2.40654018,1.698970004,1.698970004,
3,VS,4%,H3VS4,5,15,313,68,0.217252396,0.217252396,2.495544338,1.832508913,1.832508913,
3,VS,4%,H3VS4,21,15,311,73,0.234726688,0.234726688,2.492760389,1.86332286,1.86332286,
3,VS,8%,H3VS8,75,15,262,7,0.026717557,0.026717557,2.418301291,0.84509804,0.84509804,
3,VS,8%,H3VS8,125,15,247,18,0.072874494,0.072874494,2.392696953,1.255272505,1.255272505,
3,VS,8%,H3VS8,126,15,210,19,0.09047619,0.09047619,2.322219295,1.278753601,1.278753601,
3,VS,8%,H3VS8,55,15,137,23,0.167883212,0.167883212,2.136720567,1.361727836,1.361727836,
3,VS,8%,H3VS8,61,15,152,27,0.177631579,0.177631579,2.181843588,1.431363764,1.431363764,
3,VS,8%,H3VS8,129,15,216,28,0.12962963,0.12962963,2.334453751,1.447158031,1.447158031,
3,VS,8%,H3VS8,123,15,250,41,0.164,0.164,2.397940009,1.612783857,1.612783857,
3,VS,8%,H3VS8,128,15,275,45,0.163636364,0.163636364,2.439332694,1.653212514,1.653212514,
3,VS,8%,H3VS8,41,15,348,50,0.143678161,0.143678161,2.541579244,1.698970004,1.698970004,
3,VS,8%,H3VS8,58,15,218,60,0.275229358,0.275229358,2.338456494,1.77815125,1.77815125,
3,VS,16%,H3VS16,76,15,205,-28,-0.136585366,0,2.311753861,#NUM!,0,
3,VS,16%,H3VS16,46,15,195,18,0.092307692,0.092307692,2.290034611,1.255272505,1.255272505,
3,VS,16%,H3VS16,91,15,253,44,0.173913043,0.173913043,2.403120521,1.643452676,1.643452676,
3,VS,16%,H3VS16,87,15,230,50,0.217391304,0.217391304,2.361727836,1.698970004,1.698970004,
3,VS,16%,H3VS16,105,15,268,54,0.201492537,0.201492537,2.428134794,1.73239376,1.73239376,
3,VS,16%,H3VS16,97,15,195,56,0.287179487,0.287179487,2.290034611,1.748188027,1.748188027,
3,VS,16%,H3VS16,110,15,235,56,0.238297872,0.238297872,2.371067862,1.748188027,1.748188027,
3,VS,16%,H3VS16,85,15,216,66,0.305555556,0.305555556,2.334453751,1.819543936,1.819543936,
3,VS,16%,H3VS16,98,15,275,114,0.414545455,0.414545455,2.439332694,2.056904851,2.056904851,
3,VS,16%,H3VS16,99,15,284,127,0.447183099,0.447183099,2.45331834,2.103803721,2.103803721,
